{
  "sender" : {
    "transaction" : "sender",
    "sampleCount" : 500,
    "errorCount" : 2,
    "errorPct" : 0.4,
    "meanResTime" : 6345.393999999997,
    "minResTime" : 29.0,
    "maxResTime" : 46755.0,
    "pct1ResTime" : 13990.400000000005,
    "pct2ResTime" : 22885.55,
    "pct3ResTime" : 38340.3,
    "throughput" : 1.7464015396275971,
    "receivedKBytesPerSec" : 215.90167366391552,
    "sentKBytesPerSec" : 0.21850484888387478
  },
  "HTTP Request-1" : {
    "transaction" : "HTTP Request-1",
    "sampleCount" : 9992,
    "errorCount" : 0,
    "errorPct" : 0.0,
    "meanResTime" : 856.7916333066458,
    "minResTime" : 2.0,
    "maxResTime" : 9960.0,
    "pct1ResTime" : 2189.0,
    "pct2ResTime" : 3032.3500000000004,
    "pct3ResTime" : 4955.209999999999,
    "throughput" : 35.328642647526785,
    "receivedKBytesPerSec" : 229.80094256598488,
    "sentKBytesPerSec" : 4.059179072897147
  },
  "Total" : {
    "transaction" : "Total",
    "sampleCount" : 30554,
    "errorCount" : 10,
    "errorPct" : 0.03272894,
    "meanResTime" : 1241.8255547555161,
    "minResTime" : 0.0,
    "maxResTime" : 46755.0,
    "pct1ResTime" : 2814.0,
    "pct2ResTime" : 3688.0,
    "pct3ResTime" : 5518.0,
    "throughput" : 106.54457199447646,
    "receivedKBytesPerSec" : 682.039140905057,
    "sentKBytesPerSec" : 27.928157811344903
  },
  "HTTP Request-0" : {
    "transaction" : "HTTP Request-0",
    "sampleCount" : 9992,
    "errorCount" : 0,
    "errorPct" : 0.0,
    "meanResTime" : 878.7170736589284,
    "minResTime" : 0.0,
    "maxResTime" : 11487.0,
    "pct1ResTime" : 2251.7000000000007,
    "pct2ResTime" : 3098.0,
    "pct3ResTime" : 4948.629999999997,
    "throughput" : 35.32114956343455,
    "receivedKBytesPerSec" : 6.265889982634593,
    "sentKBytesPerSec" : 9.968566624836509
  },
  "sender-0" : {
    "transaction" : "sender-0",
    "sampleCount" : 35,
    "errorCount" : 0,
    "errorPct" : 0.0,
    "meanResTime" : 1362.8857142857144,
    "minResTime" : 19.0,
    "maxResTime" : 9915.0,
    "pct1ResTime" : 2885.199999999999,
    "pct2ResTime" : 4729.399999999972,
    "pct3ResTime" : 9915.0,
    "throughput" : 0.14570887367040652,
    "receivedKBytesPerSec" : 0.025612887949876147,
    "sentKBytesPerSec" : 0.017075258633250764
  },
  "sender-1" : {
    "transaction" : "sender-1",
    "sampleCount" : 35,
    "errorCount" : 0,
    "errorPct" : 0.0,
    "meanResTime" : 855.2,
    "minResTime" : 4.0,
    "maxResTime" : 2727.0,
    "pct1ResTime" : 1958.1999999999996,
    "pct2ResTime" : 2386.999999999998,
    "pct3ResTime" : 2727.0,
    "throughput" : 0.1461152139335468,
    "receivedKBytesPerSec" : 0.5870455947306679,
    "sentKBytesPerSec" : 0.016552114078409598
  },
  "HTTP Request" : {
    "transaction" : "HTTP Request",
    "sampleCount" : 10000,
    "errorCount" : 8,
    "errorPct" : 0.08,
    "meanResTime" : 1735.1205000000034,
    "minResTime" : 3.0,
    "maxResTime" : 12436.0,
    "pct1ResTime" : 3907.8999999999996,
    "pct2ResTime" : 4841.0,
    "pct3ResTime" : 7447.949999999999,
    "throughput" : 35.348804326693646,
    "receivedKBytesPerSec" : 236.35094983341878,
    "sentKBytesPerSec" : 14.034617940180986
  }
}